Rating,Price,Original_Price,Discount,Page,Brand,Model,number_of_ratings,number_of_reviews,RAM,Internal_storage
4.4,39999,49999,20%,1,Google, Pixel 9A,4870,334,8,256
4.4,39999,49999,20%,1,Google, Pixel 9A,4870,334,8,256
4.1,7499,9999,25%,1,POCO, 128 GB,30602,1450,6,128
4.3,6999,9999,30%,1,Samsung, Galaxy F07,2647,136,4,64
4.4,39999,49999,20%,1,Google, Pixel 9A,4870,334,8,256
4.2,9999,12499,20%,1,MOTOROLA, g35 5G,117212,7254,4,128
4.3,6499,7999,18%,1,Ai, 64 GB,40425,2483,4,64
3.9,6799,8999,24%,1,POCO, 64 GB,54664,2462,4,64
4.4,14999,17999,16%,1,MOTOROLA, g57 power,6095,368,8,128
4.2,7299,9999,27%,1,MOTOROLA, 64 GB,75469,4605,4,64
4.1,9999,12999,23%,1,POCO, M7 5G,70470,3269,6,128
4.3,7249,8999,19%,1,realme, 64 GB,40868,1318,4,64
4.3,7999,9999,20%,1,MOTOROLA, g06 power,3685,252,4,64
3.9,6799,8999,24%,1,POCO, 64 GB,54664,2462,4,64
4.4,12999,14999,13%,1,vivo, T4 Lite,54305,1701,6,128
4.4,16999,18999,10%,1,MOTOROLA, g67 power,5221,315,8,128
4.4,15499,17999,13%,1,vivo, T4x 5G,198854,8775,6,128
4.4,16999,18999,10%,1,MOTOROLA, g67 power,5221,315,8,128
4.2,9999,12499,20%,1,MOTOROLA, g35 5G,117212,7254,4,128
4.2,8499,10999,22%,1,POCO, C75 5G,144471,6377,4,64
4.4,11999,13999,14%,1,vivo, T4 Lite,40115,1193,4,128
4.3,13499,19999,32%,1,REDMI, Note 14,21401,912,6,128
4.4,33999,37999,10%,1,POCO, F7 5G,19286,1876,12,512
4.1,7499,9999,25%,1,POCO, 128 GB,30602,1450,6,128
4.4,15499,17999,13%,2,vivo, T4x 5G,198854,8775,6,128
4.2,9999,12499,20%,2,MOTOROLA, g35 5G,117212,7254,4,128
4.4,39999,49999,20%,2,Google, Pixel 9A,4870,334,8,256
4.4,39999,49999,20%,2,Google, Pixel 9A,4870,334,8,256
4.4,14999,17999,16%,2,MOTOROLA, g57 power,6095,368,8,128
4.3,17999,19999,10%,2,MOTOROLA, G86 Power,25203,1645,8,128
4.4,39999,49999,20%,2,Google, Pixel 9A,4870,334,8,256
4.3,10999,13999,21%,2,POCO, M7 5G,15304,742,8,128
4.3,12499,15499,19%,2,MOTOROLA, g35 5G,5844,274,8,128
4.4,11749,13999,16%,2,realme, P3 Lite,10295,417,6,128
4.4,22999,25999,11%,2,MOTOROLA, Edge 60,113807,5910,8,256
4.1,7499,9999,25%,2,POCO, 128 GB,30602,1450,6,128
4.5,22999,24999,8%,2,vivo, T4R 5G,50188,2250,8,256
4.3,17999,19999,10%,2,MOTOROLA, G86 Power,25203,1645,8,128
4.1,9999,12999,23%,2,POCO, M7 5G,70470,3269,6,128
4.4,18499,20999,11%,2,vivo, T4x 5G,148345,7016,8,256
4.0,11974,15499,22%,2,Samsung, M06 5G,702,52,6,128
4.3,6499,7999,18%,2,Ai, 64 GB,40425,2483,4,64
4.5,27999,32999,15%,2,vivo, T4 Pro,12488,793,8,128
4.2,9699,10999,11%,2,realme, 128 GB,7929,306,6,128
4.5,33926,34999,3%,2,OnePlus, Nord 5,1948,130,8,256
4.4,12499,15999,21%,2,OPPO, K13x 5G,21071,1619,4,128
4.4,22999,25999,11%,2,MOTOROLA, Edge 60,113807,5910,8,256
4.2,8499,10999,22%,2,POCO, C75 5G,144471,6377,4,64
4.4,12999,16999,23%,3,realme, P3x 5G,69374,2637,6,128
4.4,19999,22999,13%,3,MOTOROLA, G96 5G,79957,4017,8,256
4.4,39999,49999,20%,3,Google, Pixel 9A,4870,334,8,256
4.4,39999,49999,20%,3,Google, Pixel 9A,4870,334,8,256
4.5,26999,29999,10%,3,Nothing, 256 GB,54065,3783,8,256
4.4,11749,13999,16%,3,realme, P3 Lite,10295,417,6,128
4.4,18999,22999,17%,3,CMF, by Nothing,65644,4533,8,128
4.5,22999,25999,11%,3,vivo, T4 5G,90515,4081,8,128
4.4,39999,49999,20%,3,Google, Pixel 9A,4870,334,8,256
4.4,15499,17999,13%,3,vivo, T4x 5G,198854,8775,6,128
4.5,20999,23499,10%,3,vivo, T4R 5G,50188,2250,8,128
4.5,13999,16999,17%,3,OPPO, K13x 5G,81016,6010,6,128
4.5,24999,49999,20%,3,OnePlus, Nord CE5,6204,343,8,128
4.3,12330,14999,17%,3,realme, Narzo 80,5811,228,6,128
4.4,19999,22999,13%,3,MOTOROLA, G96 5G,79957,4017,8,256
4.2,8999,11499,21%,3,POCO, C75 5G,144471,6377,4,128
4.3,13499,19999,32%,3,REDMI, Note 14,21401,912,6,128
4.3,13499,18999,28%,3,POCO, M7 Pro,34877,2523,6,128
4.4,18999,22999,17%,3,CMF, by Nothing,65644,4533,8,128
4.4,11999,13999,14%,3,vivo, T4 Lite,40115,1193,4,128
4.5,29999,34999,14%,3,vivo, T4 Pro,12488,793,8,256
4.5,19999,22999,13%,3,OPPO, K13 5G,73405,4402,8,128
4.3,15499,20999,26%,3,POCO, M7 Pro,13446,1107,8,256
4.3,7737,8999,14%,3,realme, 64 GB,650,24,4,64
4.3,13499,18999,28%,4,POCO, M7 Pro,34877,2523,6,128
4.3,16999,24999,32%,4,POCO, X7 5G,28239,2138,8,128
4.3,7249,8999,19%,4,realme, 64 GB,40868,1318,4,64
4.1,9999,12999,23%,4,POCO, M7 5G,70470,3269,6,128
4.4,39999,49999,20%,4,Google, Pixel 9A,4870,334,8,256
4.4,39999,49999,20%,4,Google, Pixel 9A,4870,334,8,256
4.4,14999,17999,16%,4,MOTOROLA, g57 power,6095,368,8,128
4.4,13999,17999,22%,4,realme, P3x 5G,22949,950,8,128
4.4,39999,49999,20%,4,Google, Pixel 9A,4870,334,8,256
4.4,18999,25999,26%,4,Motorola, Edge 50,140660,8926,8,128
4.2,9999,12499,20%,4,Samsung, Galaxy F06,38028,2243,4,1500
4.3,8787,10999,20%,4,realme, Narzo 80,1239,66,6,128
4.4,33999,37999,10%,4,POCO, F7 5G,19286,1876,12,512
4.5,24999,27999,10%,4,vivo, T4 5G,90515,4081,8,256
4.4,17999,20999,14%,4,realme, P4 5G,17938,1144,6,128
4.2,9999,12499,20%,4,Samsung, Galaxy F06,38028,2243,4,1500
4.3,21999,31999,31%,4,POCO, X7 Pro,16224,1708,8,256
4.4,20999,24999,16%,4,CMF, by Nothing,65644,4533,8,256
4.4,16499,19499,15%,4,vivo, T4x 5G,148345,7016,8,128
4.3,13499,18999,28%,4,POCO, M7 Pro,34877,2523,6,128
4.3,10999,13999,21%,4,POCO, M7 5G,15304,742,8,128
4.4,20999,24999,16%,4,CMF, by Nothing,65644,4533,8,256
4.4,16499,19499,15%,4,vivo, T4x 5G,148345,7016,8,128
4.5,6699,8499,21%,4,Tecno, Spark Go,151,7,3,64
4.4,39999,49999,20%,5,Google, Pixel 9A,4870,334,8,256
4.4,39999,49999,20%,5,Google, Pixel 9A,4870,334,8,256
4.3,7999,9999,20%,5,MOTOROLA, g06 power,3685,252,4,64
4.3,20999,28999,27%,5,MOTOROLA, Edge 60,13941,1019,8,256
4.4,39999,49999,20%,5,Google, Pixel 9A,4870,334,8,256
4.3,9313,11999,22%,5,REDMI, 128 GB,13336,566,4,128
4.3,14999,17999,16%,5,POCO, M7 Plus,3364,193,8,128
4.3,18369,19999,8%,5,REDMI, 15 5G,2540,130,8,256
4.3,7535,8999,16%,5,realme, 64 GB,650,24,4,64
4.4,12998,16999,23%,5,realme, P3x 5G,69374,2637,6,128
4.3,33999,40999,17%,5,MOTOROLA, Edge 60,13240,1089,12,256
4.4,17999,19999,10%,5,Infinix, Note 50s,9498,599,6,128
4.0,6999,9999,30%,5,Ai, 128 GB,4818,303,6,128
4.4,18499,20999,11%,5,vivo, T4x 5G,148345,7016,8,256
4.5,19999,22999,13%,5,OPPO, K13 5G,73405,4402,8,128
4.3,7999,9999,20%,5,MOTOROLA, g06 power,3685,252,4,64
4.4,24999,35999,30%,5,realme, 14 Pro,17514,2044,8,256
4.3,6499,7999,18%,5,Ai, 64 GB,40425,2483,4,64
4.4,18999,22999,17%,5,CMF, by Nothing,65644,4533,8,128
4.4,18490,20499,9%,5,IQOO, Z10X 5G,4695,221,8,256
4.3,13499,19999,32%,5,REDMI, Note 14,21401,912,6,128
4.4,11999,12999,7%,5,realme, P3 Lite,6402,265,4,128
4.3,14999,17999,16%,5,POCO, M7 Plus,3364,193,8,128
4.3,8794,10999,20%,5,realme, Narzo 80,1239,66,6,128
4.4,39999,49999,20%,6,Google, Pixel 9A,4870,334,8,256
4.4,39999,49999,20%,6,Google, Pixel 9A,4870,334,8,256
4.1,10676,15499,31%,6,Samsung, Galaxy A06,2505,149,4,128
4.6,69900,49999,20%,6,Apple, iPhone 16,198933,6344,128,128
4.3,29999,36999,18%,6,MOTOROLA, Edge 60,43109,3210,8,256
4.5,19999,22999,13%,6,OPPO, K13 5G,73405,4402,8,128
4.4,39999,49999,20%,6,Google, Pixel 9A,4870,334,8,256
4.4,12999,16999,23%,6,realme, P3x 5G,69374,2637,6,128
4.4,12999,16999,23%,6,realme, P3x 5G,69374,2637,6,128
4.1,7499,9999,25%,6,POCO, 128 GB,30602,1450,6,128
4.4,18999,33999,44%,6,Samsung, Galaxy A35,66976,3873,8,128
4.5,21999,24999,12%,6,OPPO, K13 5G,73405,4402,8,256
4.5,19999,22999,13%,6,OPPO, K13 5G,73405,4402,8,128
4.3,7249,8999,19%,6,realme, 64 GB,40868,1318,4,64
4.3,8490,9999,15%,6,Samsung, 64 GB,4066,165,4,64
4.5,29999,32999,9%,6,Nothing, 128 GB,12325,934,8,128
4.5,31999,34999,8%,6,Nothing, 256 GB,12325,934,8,256
4.3,10999,13999,21%,6,POCO, M7 5G,15304,742,8,128
4.1,9154,13999,34%,6,Samsung, Galaxy A06,2505,149,4,64
4.3,17999,19999,10%,6,MOTOROLA, G86 Power,25203,1645,8,128
4.1,12192,16999,28%,6,Samsung, Galaxy A06,56,2,6,128
4.2,12499,15499,19%,6,Samsung, Galaxy F06,19638,1242,6,1500
4.4,17999,19999,10%,6,Infinix, Note 50s,9498,599,6,128
4.3,9294,11999,22%,6,REDMI, 128 GB,13336,566,4,128
4.5,31999,34999,8%,7,Nothing, 256 GB,12325,934,8,256
4.5,26996,26999,20%,7,OnePlus, Nord CE5,6204,343,8,256
4.4,39999,49999,20%,7,Google, Pixel 9A,4870,334,8,256
4.4,39999,49999,20%,7,Google, Pixel 9A,4870,334,8,256
4.5,24998,24999,20%,7,OnePlus, Nord CE5,6204,343,8,128
4.5,24995,24999,20%,7,OnePlus, Nord CE5,6204,343,8,128
4.4,39999,49999,20%,7,Google, Pixel 9A,4870,334,8,256
4.4,33999,36999,8%,7,Nothing, 256 GB,7302,442,12,256
4.3,8199,10999,25%,7,realme, 128 GB,21839,790,6,128
4.5,27999,32999,15%,7,vivo, T4 Pro,12488,793,8,128
4.5,29999,34999,14%,7,vivo, T4 Pro,12488,793,8,256
4.5,29999,34999,14%,7,vivo, T4 Pro,12488,793,8,256
4.5,27999,32999,15%,7,vivo, T4 Pro,12488,793,8,128
4.5,33747,34999,3%,7,OnePlus, Nord 5,1301,87,8,256
4.3,8818,11999,26%,7,vivo, 64 GB,3349,109,4,64
4.3,15499,20999,26%,7,POCO, M7 Pro,13446,1107,8,256
4.5,31999,36999,13%,7,vivo, T4 Pro,3156,224,12,256
4.5,29999,32999,9%,7,Nothing, 128 GB,12325,934,8,128
4.4,29849,45999,35%,7,Samsung, Galaxy A55,6017,358,8,256
4.6,79900,49999,20%,7,Apple, iPhone 16,198933,6344,256,128
4.3,8976,11999,25%,7,vivo, 64 GB,3349,109,4,64
4.4,18999,20999,9%,7,MOTOROLA, G96 5G,79957,4017,8,128
4.5,21999,24999,12%,7,OPPO, K13 5G,73405,4402,8,256
4.2,13999,17499,20%,7,Samsung, Galaxy F16,10029,578,6,128
4.3,8199,10999,25%,8,realme, 128 GB,21839,790,6,128
4.4,33999,36999,8%,8,Nothing, 256 GB,7302,442,12,256
4.4,39999,49999,20%,8,Google, Pixel 9A,4870,334,8,256
4.4,39999,49999,20%,8,Google, Pixel 9A,4870,334,8,256
4.5,27999,32999,15%,8,vivo, T4 Pro,12488,793,8,128
4.5,29999,34999,14%,8,vivo, T4 Pro,12488,793,8,256
4.5,27999,32999,15%,8,vivo, T4 Pro,12488,793,8,128
4.5,29999,34999,14%,8,vivo, T4 Pro,12488,793,8,256
4.4,39999,49999,20%,8,Google, Pixel 9A,4870,334,8,256
4.5,33747,34999,3%,8,OnePlus, Nord 5,1301,87,8,256
4.3,8818,11999,26%,8,vivo, 64 GB,3349,109,4,64
4.3,15499,20999,26%,8,POCO, M7 Pro,13446,1107,8,256
4.4,29849,45999,35%,8,Samsung, Galaxy A55,6017,358,8,256
4.6,79900,49999,20%,8,Apple, iPhone 16,198933,6344,256,128
4.5,29999,32999,9%,8,Nothing, 128 GB,12325,934,8,128
4.5,31999,36999,13%,8,vivo, T4 Pro,3156,224,12,256
4.3,8976,11999,25%,8,vivo, 64 GB,3349,109,4,64
4.4,18999,20999,9%,8,MOTOROLA, G96 5G,79957,4017,8,128
4.6,79900,49999,20%,8,Apple, iPhone 16,198933,6344,256,128
4.4,20999,27999,25%,8,Motorola, Edge 50,172252,11415,12,256
4.2,13999,17499,20%,8,Samsung, Galaxy F16,10029,578,6,128
4.4,18999,20999,9%,8,MOTOROLA, G96 5G,79957,4017,8,128
4.5,21999,24999,12%,8,OPPO, K13 5G,73405,4402,8,256
4.3,29999,36999,18%,8,MOTOROLA, Edge 60,43109,3210,8,256
4.0,11974,15499,22%,9,Samsung, M06 5G,702,52,6,128
3.9,6799,8999,24%,9,POCO, 64 GB,54664,2462,4,64
4.3,13499,18999,28%,9,POCO, M7 Pro,34877,2523,6,128
4.5,31999,36999,13%,9,vivo, T4 Pro,3156,224,12,256
4.4,39999,49999,20%,9,Google, Pixel 9A,4870,334,8,256
4.4,39999,49999,20%,9,Google, Pixel 9A,4870,334,8,256
4.6,79900,49999,20%,9,Apple, iPhone 16,198933,6344,256,128
4.3,8794,10999,20%,9,realme, Narzo 80,1239,66,6,128
4.4,39999,49999,20%,9,Google, Pixel 9A,4870,334,8,256
4.3,7999,9999,20%,9,MOTOROLA, g06 power,3685,252,4,64
4.4,19898,20999,5%,9,OnePlus, Nord CE4,36094,1676,8,128
4.0,6999,9999,30%,9,Ai, 128 GB,4818,303,6,128
4.4,37999,42999,11%,9,MOTOROLA, Edge 60,2249,166,16,512
4.3,8199,10999,25%,9,realme, 128 GB,21839,790,6,128
4.4,33999,36999,8%,9,Nothing, 256 GB,7302,442,12,256
4.1,9999,12999,23%,9,POCO, M7 5G,70470,3269,6,128
4.1,8499,9499,10%,9,LAVA, Shark 5G,280,13,4,64
4.3,13499,18999,28%,9,POCO, M7 Pro,34877,2523,6,128
4.4,16682,18999,12%,9,IQOO, Z10X 5G,4695,221,8,128
4.3,8980,10999,18%,9,REDMI, 64 GB,13336,566,4,64
4.3,25999,31999,18%,9,MOTOROLA, Edge 60,5671,398,12,256
4.4,18982,20499,7%,9,IQOO, Z10X 5G,4695,221,8,256
4.5,13999,16999,17%,9,OPPO, K13x 5G,81016,6010,6,128
4.4,16459,18999,13%,9,IQOO, Z10X 5G,4695,221,8,128
4.4,39999,49999,20%,10,Google, Pixel 9A,4870,334,8,256
4.4,39999,49999,20%,10,Google, Pixel 9A,4870,334,8,256
4.5,45999,65999,30%,10,Samsung, Galaxy S24,72721,4641,8,256
4.5,45999,65999,30%,10,Samsung, Galaxy S24,72721,4641,8,256
4.4,39999,49999,20%,10,Google, Pixel 9A,4870,334,8,256
4.3,16999,24999,32%,10,POCO, X7 5G,28239,2138,8,128
4.2,10999,13999,21%,10,Samsung, Galaxy F06,38028,2243,4,1500
4.3,13999,16999,17%,10,POCO, M7 Plus,5361,295,6,128
4.3,11999,14999,20%,10,Motorola, g45 5G,250100,12376,8,128
4.3,14999,17999,16%,10,POCO, M7 Plus,3364,193,8,128
4.2,7397,9999,26%,10,Samsung, Galaxy M07,22,0,4,64
4.0,6999,9999,30%,10,Ai, 128 GB,4818,303,6,128
4.2,9999,12499,20%,10,Samsung, Galaxy F06,38028,2243,4,1500
4.3,14990,16999,11%,10,realme, 14x 5G,13817,675,6,128
4.4,23990,23999,20%,10,OnePlus, Nord CE4,36094,1676,8,256
4.4,15323,17999,14%,10,realme, 14x 5G,8284,417,8,128
4.1,9489,12499,24%,10,Samsung, Galaxy A06,2505,149,4,64
4.3,39999,52999,24%,10,Google, Pixel 8a,11263,858,8,128
4.3,16674,22999,27%,10,Samsung, M36 5G,1632,89,6,128
4.4,49999,54999,9%,10,MOTOROLA, Razr 60,1995,143,8,256
4.4,15883,17999,11%,10,realme, 14x 5G,8284,417,8,128
4.6,55999,79999,30%,10,Samsung, Galaxy S24,49029,2702,8,256
4.0,6999,9999,30%,10,Ai, 128 GB,4818,303,6,128
4.3,15148,16999,10%,10,REDMI, 15 5G,1178,72,6,128
4.4,39999,49999,20%,11,Google, Pixel 9A,4870,334,8,256
4.4,39999,49999,20%,11,Google, Pixel 9A,4870,334,8,256
4.5,33721,34999,3%,11,OnePlus, Nord 5,1948,130,8,256
4.5,36730,37999,3%,11,OnePlus, Nord 5,1370,99,12,256
4.5,33739,34999,3%,11,OnePlus, Nord 5,1948,130,8,256
4.4,17999,20999,14%,11,realme, P4 5G,17938,1144,6,128
4.4,39999,49999,20%,11,Google, Pixel 9A,4870,334,8,256
4.5,26999,49999,20%,11,OnePlus, Nord CE5,6204,343,8,256
4.5,26999,49999,20%,11,OnePlus, Nord CE5,6204,343,8,256
4.5,24999,49999,20%,11,OnePlus, Nord CE5,6204,343,8,128
4.6,49999,74999,33%,11,Samsung, Galaxy S24,49029,2702,8,128
4.2,10299,12999,20%,11,REDMI, 128 GB,1547,60,6,128
4.3,15257,16999,10%,11,IQOO, Z10 Lite,2057,94,8,256
4.4,17999,20999,14%,11,realme, P4 5G,17938,1144,6,128
4.4,17999,20999,14%,11,realme, P4 5G,17938,1144,6,128
4.3,11999,14499,17%,11,POCO, C85 5G,75,3,4,128
4.5,39999,59999,33%,11,Samsung, Galaxy S24,72721,4641,8,128
4.5,45999,65999,30%,11,Samsung, Galaxy S24,72721,4641,8,256
4.5,45999,65999,30%,11,Samsung, Galaxy S24,72721,4641,8,256
4.5,29999,34999,14%,11,MOTOROLA, Edge 70,737,87,8,256
4.3,16999,24999,32%,11,POCO, X7 5G,28239,2138,8,128
4.3,13999,16999,17%,11,POCO, M7 Plus,5361,295,6,128
4.2,10999,13999,21%,11,Samsung, Galaxy F06,38028,2243,4,1500
4.2,7397,9999,26%,11,Samsung, Galaxy M07,22,0,4,64
4.6,55999,79999,30%,12,Samsung, Galaxy S24,49029,2702,8,256
4.4,15883,17999,11%,12,realme, 14x 5G,8284,417,8,128
4.4,39999,49999,20%,12,Google, Pixel 9A,4870,334,8,256
4.4,39999,49999,20%,12,Google, Pixel 9A,4870,334,8,256
4.0,6999,9999,30%,12,Ai, 128 GB,4818,303,6,128
4.3,15899,17999,11%,12,REDMI, 15 5G,2540,130,8,128
4.4,39999,49999,20%,12,Google, Pixel 9A,4870,334,8,256
4.3,15148,16999,10%,12,REDMI, 15 5G,1178,72,6,128
4.3,15990,17999,11%,12,REDMI, 15 5G,2540,130,8,128
4.3,15990,17999,11%,12,REDMI, 15 5G,2540,130,8,128
4.1,7860,11499,31%,12,Samsung, Galaxy A06,428,22,4,64
4.5,41239,44999,8%,12,OnePlus, 13R 5G,4784,301,12,256
4.3,13120,14999,12%,12,IQOO, Z10 Lite,2849,111,6,128
4.4,14861,17999,17%,12,realme, 14x 5G,8284,417,8,128
4.3,17499,18999,7%,12,realme, P4x 5G,949,114,8,128
4.3,19499,20999,7%,12,realme, P4x 5G,949,114,8,256
4.3,17499,18999,7%,12,realme, P4x 5G,949,114,8,128
4.4,15999,17999,11%,12,realme, P4x 5G,3072,292,6,128
4.4,15999,17999,11%,12,realme, P4x 5G,3072,292,6,128
4.4,15999,17999,11%,12,realme, P4x 5G,3072,292,6,128
4.3,13899,17999,22%,12,REDMI, 13 5G,48634,2407,6,128
4.2,14040,19999,29%,12,REDMI, 13 5G,14482,763,8,128
4.4,23889,24999,4%,12,OnePlus, Nord CE4,27779,1521,8,128
4.4,54999,72999,24%,12,MOTOROLA, Razr 60,1995,143,8,256
4.4,14861,17999,17%,13,realme, 14x 5G,8284,417,8,128
4.3,13899,17999,22%,13,REDMI, 13 5G,48634,2407,6,128
4.4,39999,49999,20%,13,Google, Pixel 9A,4870,334,8,256
4.4,39999,49999,20%,13,Google, Pixel 9A,4870,334,8,256
4.2,14040,19999,29%,13,REDMI, 13 5G,14482,763,8,128
4.4,18999,21999,13%,13,realme, P4 5G,12901,891,8,128
4.4,18999,21999,13%,13,realme, P4 5G,12901,891,8,128
4.4,20999,23999,12%,13,realme, P4 5G,12901,891,8,256
4.4,39999,49999,20%,13,Google, Pixel 9A,4870,334,8,256
4.2,9699,10999,11%,13,realme, 128 GB,7929,306,6,128
4.4,23889,24999,4%,13,OnePlus, Nord CE4,27779,1521,8,128
4.4,54999,72999,24%,13,MOTOROLA, Razr 60,1995,143,8,256
4.1,10490,15499,32%,13,Samsung, Galaxy A06,2505,149,4,128
4.4,18999,21999,13%,13,realme, P4 5G,12901,891,8,128
4.3,15425,16999,9%,13,REDMI, 15 5G,1178,72,6,128
4.3,15168,16999,10%,13,REDMI, 15 5G,1178,72,6,128
4.2,12900,17999,28%,13,POCO, M6 Plus,17662,1022,8,128
4.3,22999,49999,20%,13,realme, 15T 5G,5495,365,8,128
4.3,17499,18999,7%,13,realme, P4x 5G,949,114,8,128
4.3,22999,49999,20%,13,realme, 15T 5G,5495,365,8,128
4.2,11327,14999,24%,13,REDMI, 14C 5G,9161,450,6,128
3.9,6799,8999,24%,13,POCO, 64 GB,54664,2462,4,64
4.3,23999,37999,36%,13,POCO, F6 5G,9055,851,12,256
4.3,18369,19999,8%,13,REDMI, 15 5G,2540,130,8,256
4.5,27999,35999,22%,14,realme, P3 Ultra,3728,353,12,256
4.6,49999,74999,33%,14,Samsung, Galaxy S24,49029,2702,8,128
4.4,22999,24999,8%,14,OnePlus, Nord CE4,27779,1521,8,128
4.5,31570,35999,12%,14,IQOO, Neo 10R,2807,182,12,256
4.4,39999,49999,20%,14,Google, Pixel 9A,4870,334,8,256
4.4,39999,49999,20%,14,Google, Pixel 9A,4870,334,8,256
4.5,27365,31999,14%,14,IQOO, Neo 10R,5477,354,8,128
4.2,15668,19999,21%,14,Samsung, Galaxy A16,4222,186,6,128
4.4,39999,49999,20%,14,Google, Pixel 9A,4870,334,8,256
4.3,16999,24999,32%,14,POCO, X7 5G,28239,2138,8,128
4.3,19999,27999,28%,14,POCO, X7 5G,28239,2138,8,256
4.0,9480,12499,24%,14,Samsung, Galaxy M06,178,8,4,64
4.3,23470,26499,11%,14,Samsung, Galaxy A17,313,12,8,256
4.5,28999,33999,14%,14,IQOO, Neo 10R,5477,354,8,256
4.3,22999,49999,20%,14,realme, 15T 5G,5495,365,8,128
4.3,13898,17999,22%,14,REDMI, 13 5G,48634,2407,6,128
4.4,15999,20999,23%,14,Motorola, G85 5G,257702,12739,8,128
4.5,29928,33999,11%,14,IQOO, Neo 10R,5477,354,8,256
4.4,24999,28999,13%,14,realme, P4 Pro,16360,1316,8,128
4.4,15999,19999,20%,14,Tecno, Pova 7,8446,644,8,256
4.4,14249,18999,25%,14,Tecno, Pova 7,8446,644,8,128
4.6,58302,62999,7%,14,OnePlus, 13s 5G,1296,101,12,512
4.6,54397,57999,6%,14,OnePlus, 13s 5G,1296,101,12,256
4.6,57988,62999,7%,14,OnePlus, 13s 5G,1296,101,12,512
4.4,39999,49999,20%,15,Google, Pixel 9A,4870,334,8,256
4.4,39999,49999,20%,15,Google, Pixel 9A,4870,334,8,256
4.4,18999,20999,9%,15,MOTOROLA, G96 5G,79957,4017,8,128
4.6,53894,57999,7%,15,OnePlus, 13s 5G,1296,101,12,256
4.4,39999,49999,20%,15,Google, Pixel 9A,4870,334,8,256
4.6,52986,57999,8%,15,OnePlus, 13s 5G,1296,101,12,256
4.3,21999,32999,33%,15,MOTOROLA, Edge 50,41668,2965,8,256
4.3,14999,16999,11%,15,Infinix, Note 50x,4734,394,8,128
4.6,80999,49999,20%,15,Samsung, Galaxy S25,2801,314,12,256
4.2,24999,27499,9%,15,Samsung, Galaxy F36,4323,295,8,256
4.7,119900,49999,20%,15,Apple, iPhone Air,55,4,256,128
4.2,10428,13999,25%,15,REDMI, 14C 5G,8622,430,4,128
4.5,41648,44999,7%,15,OnePlus, 13R 5g,4784,301,12,256
4.4,15999,19999,20%,15,Tecno, Pova 7,8446,644,8,256
4.5,27999,35999,22%,15,realme, P3 Ultra,3728,353,12,256
4.4,24635,42999,42%,15,Samsung, Galaxy A55,6017,358,8,128
4.3,19974,23499,15%,15,Samsung, Galaxy A17,313,12,8,128
4.3,19499,20999,7%,15,realme, P4x 5G,949,114,8,256
4.2,10999,13999,21%,15,Samsung, Galaxy F06,38028,2243,4,1500
4.3,35499,38999,8%,15,Samsung, Galaxy A36,1735,134,8,256
4.3,17990,22999,21%,15,Samsung, M36 5G,1632,89,6,128
4.2,12499,15499,19%,15,Samsung, Galaxy F06,19638,1242,6,1500
3.9,8999,12999,30%,15,Ai, Nova 5G,3381,301,8,128
4.5,39999,44999,11%,15,vivo, T4 Ultra,3437,325,12,512
4.4,39999,49999,20%,16,Google, Pixel 9A,4870,334,8,256
4.4,39999,49999,20%,16,Google, Pixel 9A,4870,334,8,256
4.2,10428,13999,25%,16,REDMI, 14C 5G,8622,430,4,128
3.9,8999,12999,30%,16,Ai, Nova 5G,3381,301,8,128
4.5,39999,44999,11%,16,vivo, T4 Ultra,3437,325,12,512
4.2,12499,15499,19%,16,Samsung, Galaxy F06,19638,1242,6,1500
4.4,39999,49999,20%,16,Google, Pixel 9A,4870,334,8,256
4.3,17990,22999,21%,16,Samsung, M36 5G,1632,89,6,128
4.5,35999,40999,12%,16,vivo, T4 Ultra,4756,433,8,256
4.5,37999,42999,11%,16,vivo, T4 Ultra,3437,325,12,256
4.6,97990,134999,27%,16,Samsung, Galaxy S24,7439,548,12,256
4.2,15444,19999,22%,16,Samsung, Galaxy A16,4222,186,6,128
4.5,36912,37999,2%,16,OnePlus, Nord 5,1370,99,12,256
4.3,14952,16999,12%,16,realme, 14x 5G,13817,675,6,128
4.4,21499,23499,8%,16,IQOO, Z10R 5G,3213,175,8,128
4.2,105993,164999,35%,16,Samsung, Galaxy Z,218,13,12,256
4.3,13499,14999,10%,16,Infinix, Note 50x,16130,1436,6,128
4.4,25999,33999,23%,16,realme, P3 Ultra,18465,1804,8,256
4.4,23999,31999,25%,16,realme, P3 Ultra,18465,1804,8,128
4.3,14999,16999,11%,16,Infinix, Note 50x,4734,394,8,128
4.3,13499,14999,10%,16,Infinix, Note 50x,16130,1436,6,128
4.4,23976,25999,7%,16,IQOO, Z10 5G,4834,232,8,128
4.3,21999,31999,31%,16,POCO, X7 Pro,16224,1708,8,256
4.3,11999,14999,20%,16,Motorola, g45 5G,250100,12376,8,128
4.4,17999,18999,5%,17,realme, 15x 5G,3706,256,6,128
4.5,38994,40999,4%,17,IQOO, Neo 10,909,67,12,256
4.4,39999,49999,20%,17,Google, Pixel 9A,4870,334,8,256
4.4,39999,49999,20%,17,Google, Pixel 9A,4870,334,8,256
4.1,7999,10999,27%,17,Ai, Nova 5G,19578,1324,6,128
4.3,25789,26999,4%,17,IQOO, Z10R 5G,408,26,12,256
4.4,39999,49999,20%,17,Google, Pixel 9A,4870,334,8,256
4.2,12499,13999,10%,17,realme, C73 5G,1488,74,4,128
4.2,15499,16499,6%,17,Samsung, Galaxy F17,73,5,4,128
3.9,8999,12999,30%,17,Ai, Nova 5G,3381,301,8,128
4.5,69900,49999,20%,17,Apple, iPhone 16e,1760,115,256,128
3.5,6499,7999,18%,17,I, Kall Z10,8,1,4,64
4.4,17749,21999,19%,17,Tecno, Pova 7,3394,364,8,128
4.3,11999,14499,17%,17,POCO, C85 5G,75,3,4,128
4.5,74999,79999,6%,17,Google, Pixel 10,1337,86,12,256
3.9,8999,12999,30%,17,Ai, Nova 5G,3381,301,8,128
4.3,15980,21999,27%,17,realme, 13 5G,1443,65,8,128
4.4,23999,33999,29%,17,POCO, X7 Pro,7995,788,12,256
4.4,25999,31999,18%,17,Infinix, GT 30,2102,148,8,256
4.4,24999,25999,3%,17,IQOO, Z10 5G,4834,232,8,128
4.4,30999,39999,22%,17,realme, 14 Pro,8675,947,12,512
4.2,11100,14999,25%,17,REDMI, 14C 5G,9161,450,6,128
4.5,18537,23999,22%,17,realme, NARZO 80,819,41,8,128
4.4,28477,29999,5%,17,IQOO, Z10 5G,1094,63,12,256
4.6,38445,38999,1%,19,IQOO, Neo 10,1253,94,8,256
4.4,28477,29999,5%,19,IQOO, Z10 5G,1094,63,12,256
4.6,79999,49999,20%,19,Google, Pixel 9,18064,1223,12,256
4.4,17999,18999,5%,19,realme, 15x 5G,3706,256,6,128
4.4,39999,49999,20%,19,Google, Pixel 9A,4870,334,8,256
4.4,39999,49999,20%,19,Google, Pixel 9A,4870,334,8,256
4.3,19499,19999,2%,19,realme, 15x 5G,2985,211,8,128
4.3,13499,14999,10%,19,Infinix, Note 50x,16130,1436,6,128
4.4,39999,49999,20%,19,Google, Pixel 9A,4870,334,8,256
4.0,26999,28999,6%,19,Samsung, Galaxy F55,3182,254,8,128
4.4,34999,37999,7%,19,realme, 14 Pro,8675,947,12,256
4.6,79900,49999,20%,19,Apple, iPhone 16,198933,6344,256,128
4.3,15499,20999,26%,19,POCO, M7 Pro,13446,1107,8,256
4.4,38499,41999,8%,19,Samsung, Galaxy A36,267,18,12,256
4.4,20999,29999,30%,19,Motorola, Edge 50,32167,3048,8,256
4.5,31744,35999,11%,19,IQOO, Neo 10R,2807,182,12,256
4.1,8799,9999,12%,19,LAVA, Bold N1,55,1,4,64
4.3,33999,40999,17%,19,MOTOROLA, Edge 60,13240,1089,12,256
4.4,26999,30999,12%,19,realme, P4 Pro,16360,1316,8,256
4.4,26999,30999,12%,19,realme, P4 Pro,16360,1316,8,256
4.4,28999,32999,12%,19,realme, P4 Pro,3635,305,12,256
4.4,28999,32999,12%,19,realme, P4 Pro,3635,305,12,256
4.4,24999,28999,13%,19,realme, P4 Pro,16360,1316,8,128
4.3,20999,24999,16%,19,Tecno, Pova Slim,780,64,8,128
4.4,39999,49999,20%,20,Google, Pixel 9A,4870,334,8,256
4.4,39999,49999,20%,20,Google, Pixel 9A,4870,334,8,256
4.3,13988,15999,12%,20,realme, Narzo 80x,2252,89,8,128
4.5,27999,35999,22%,20,realme, P3 Ultra,3728,353,12,256
4.4,39999,49999,20%,20,Google, Pixel 9A,4870,334,8,256
4.4,25999,33999,23%,20,realme, P3 Ultra,18465,1804,8,256
4.4,23999,31999,25%,20,realme, P3 Ultra,18465,1804,8,128
4.4,23999,31999,25%,20,realme, P3 Ultra,18465,1804,8,128
4.4,20999,27999,25%,20,Motorola, Edge 50,172252,11415,12,256
4.3,10999,11999,8%,20,Tecno, Spark Go,1360,121,4,128
4.4,24999,35999,30%,20,realme, 14 Pro,17514,2044,8,256
4.3,10999,11999,8%,20,Tecno, Spark Go,1360,121,4,128
4.2,13903,19999,30%,20,REDMI, 13 5G,14482,763,8,128
4.4,15999,20999,23%,20,Motorola, G85 5G,257702,12739,8,128
4.4,29999,33999,11%,20,realme, 14 Pro,17514,2044,8,128
4.5,33999,38999,12%,20,vivo, 256 GB,826,52,12,256
4.2,11271,14999,24%,20,REDMI, 14C 5G,9161,450,6,128
4.2,8999,12999,30%,20,OPPO, 64 GB,111,7,4,64
4.3,19999,22999,13%,20,realme, 13 5G,1443,65,8,256
4.4,31999,36999,13%,20,vivo, 256 GB,2024,125,8,256
4.4,29999,34999,14%,20,vivo, 128 GB,2024,125,8,128
4.0,7299,8399,13%,20,LAVA, Bold N1,299,19,4,128
4.3,19999,27999,28%,20,POCO, X7 5G,28239,2138,8,256
4.5,6699,8499,21%,20,Tecno, Spark Go,151,7,3,64
4.4,39999,49999,20%,21,Google, Pixel 9A,4870,334,8,256
4.4,39999,49999,20%,21,Google, Pixel 9A,4870,334,8,256
4.1,9395,12999,27%,21,OPPO, 64 GB,1770,87,4,64
4.4,37999,42999,11%,21,MOTOROLA, Edge 60,2249,166,16,512
4.3,18990,20999,9%,21,Samsung, Galaxy A17,261,12,6,128
4.3,18990,20999,9%,21,Samsung, Galaxy A17,261,12,6,128
4.4,39999,49999,20%,21,Google, Pixel 9A,4870,334,8,256
4.3,13450,15999,15%,21,LAVA, Blaze AMOLED,60,6,6,128
4.5,19499,24999,22%,21,Infinix, GT 30,317,16,8,128
4.5,29999,34999,14%,21,MOTOROLA, Edge 70,737,87,8,256
4.6,109999,49999,20%,21,Google, Pixel 10,339,32,16,256
4.3,18990,20999,9%,21,Samsung, Galaxy A17,261,12,6,128
4.1,7999,10999,27%,21,Ai, Nova 5G,19578,1324,6,128
4.4,11499,15499,25%,21,vivo, T3 Lite,107747,3647,6,128
4.4,10499,14499,27%,21,vivo, T3 Lite,73122,2366,4,128
4.4,25999,31999,18%,21,Infinix, GT 30,2102,148,8,256
4.1,7999,10999,27%,21,Ai, Nova 5G,19578,1324,6,128
4.2,10999,49999,20%,21,Motorola, 64 GB,91117,7758,4,64
4.5,27999,33999,17%,21,OPPO, K13 Turbo,7973,485,8,128
4.2,18338,24999,26%,21,REDMI, Note 14,3812,212,8,256
4.3,16999,20999,19%,21,OPPO, A3 Pro,2604,112,8,128
4.4,31999,36999,13%,21,vivo, 256 GB,2024,125,8,256
4.2,7499,8999,16%,21,Tecno, Spark Go,2209,131,4,64
4.2,10690,13999,23%,21,REDMI, 14C 5G,8622,430,4,128
4.7,81999,89999,8%,22,vivo, 512 GB,377,58,12,512
4.7,75999,83999,9%,22,vivo, 256 GB,377,58,12,256
4.4,39999,49999,20%,22,Google, Pixel 9A,4870,334,8,256
4.4,39999,49999,20%,22,Google, Pixel 9A,4870,334,8,256
4.7,75999,83999,9%,22,vivo, 256 GB,377,58,12,256
4.7,81999,89999,8%,22,vivo, 512 GB,377,58,12,512
4.4,39999,49999,20%,22,Google, Pixel 9A,4870,334,8,256
4.7,75999,83999,9%,22,vivo, 256 GB,377,58,12,256
4.4,15999,18999,15%,22,Tecno, Pova Curve,2151,222,6,128
4.3,18284,19999,8%,22,REDMI, 15 5G,2540,130,8,256
4.7,45975,45999,20%,22,IQOO, Neo 10,168,14,16,512
4.5,7531,10499,28%,22,Samsung, Galaxy A07,48,2,4,64
4.3,21999,33999,35%,22,POCO, F6 5G,14405,1263,8,256
4.3,20999,24999,16%,22,Tecno, Pova Slim,780,64,8,128
4.3,20999,24999,16%,22,Tecno, Pova Slim,780,64,8,128
4.3,19499,19999,2%,22,realme, 15x 5G,2985,211,8,128
4.3,20999,21999,4%,22,realme, 15x 5G,2985,211,8,256
4.4,23988,36999,35%,22,OPPO, F29 Pro,1235,62,12,256
4.4,16999,19999,15%,22,vivo, Y31 5G,280,7,4,128
4.4,16999,19999,15%,22,vivo, Y31 5G,280,7,4,128
4.2,11499,12999,11%,22,realme, C73 5G,1488,74,4,64
4.5,40490,61999,34%,22,OnePlus, 11 5G,1907,160,16,256
4.2,11499,12999,11%,22,realme, C73 5G,1488,74,4,64
4.4,25999,33999,23%,22,POCO, X7 Pro,7995,788,12,256
4.4,17482,21499,18%,23,vivo, Y31 5G,390,13,6,128
4.5,33999,38999,12%,23,vivo, 256 GB,826,52,12,256
4.4,39999,49999,20%,23,Google, Pixel 9A,4870,334,8,256
4.4,39999,49999,20%,23,Google, Pixel 9A,4870,334,8,256
4.4,18749,23999,21%,23,Tecno, Pova 7,3394,364,8,256
4.4,18749,23999,21%,23,Tecno, Pova 7,3394,364,8,256
4.4,26999,35999,25%,23,realme, 14 Pro,17514,2044,8,256
4.2,10999,13499,18%,23,LAVA, Storm Play,161,12,6,128
4.4,39999,49999,20%,23,Google, Pixel 9A,4870,334,8,256
4.3,24999,39999,37%,23,POCO, F6 5G,9055,851,12,256
4.5,27999,33999,17%,23,OPPO, K13 Turbo,7973,485,8,128
4.5,29999,35999,16%,23,OPPO, K13 Turbo,7973,485,8,256
4.5,29999,35999,16%,23,OPPO, K13 Turbo,7973,485,8,256
4.5,27999,33999,17%,23,OPPO, K13 Turbo,7973,485,8,128
4.2,10999,13499,18%,23,LAVA, Storm Play,161,12,6,128
4.3,14999,17999,16%,23,POCO, M7 Plus,3364,193,8,128
4.4,24599,24999,1%,23,IQOO, Z10R 5G,3213,175,8,256
4.4,13999,14499,3%,23,vivo, T3 Lite,73122,2366,4,128
4.3,17999,19999,10%,23,Tecno, Pova Curve,1324,138,8,128
4.0,17968,24499,26%,23,Samsung, M36 5G,319,16,8,128
4.4,23690,32999,28%,23,OPPO, F29 Pro,1855,128,8,128
4.0,9454,12499,24%,23,Samsung, Galaxy M06,178,8,4,64
4.3,6499,7999,18%,23,Ai, 64 GB,40425,2483,4,64
4.2,11789,13999,15%,23,realme, C73 5G,1488,74,4,128
4.4,15999,18999,15%,24,Tecno, Pova Curve,2151,222,6,128
4.4,23999,24999,4%,24,Nothing, 256 GB,315,26,8,256
4.4,23999,24999,4%,24,Nothing, 256 GB,315,26,8,256
4.4,30999,39999,22%,24,realme, 14 Pro,8675,947,12,512
4.4,39999,49999,20%,24,Google, Pixel 9A,4870,334,8,256
4.4,39999,49999,20%,24,Google, Pixel 9A,4870,334,8,256
4.4,22499,30999,27%,24,Samsung, Galaxy M56,732,48,8,128
4.1,14658,17999,18%,24,realme, Narzo 90x,23,0,8,128
4.4,39999,49999,20%,24,Google, Pixel 9A,4870,334,8,256
4.4,19999,34999,42%,24,OPPO, F29 Pro,1855,128,8,256
4.2,12255,13999,12%,24,realme, C73 5G,1488,74,4,128
4.2,13600,19999,31%,24,OPPO, A3 5G,1483,66,6,128
4.4,19828,32999,39%,24,OPPO, F29 Pro,1855,128,8,128
4.4,34999,37999,7%,24,realme, 14 Pro,8675,947,12,256
4.4,29999,33999,11%,24,realme, 14 Pro,17514,2044,8,128
4.7,134900,49999,20%,24,Apple, iPhone 17,656,47,256,128
4.4,29999,33999,11%,24,realme, 14 Pro,17514,2044,8,128
4.4,31999,35999,11%,24,realme, 14 Pro,17514,2044,8,256
4.4,29600,29999,1%,24,IQOO, Z10 5G,1094,63,12,256
4.2,13999,15999,12%,24,OPPO, A3x 5G,5204,197,4,128
4.3,20990,26499,20%,24,Samsung, Galaxy A17,313,12,8,256
4.3,18948,23499,19%,24,Samsung, Galaxy A17,313,12,8,128
4.3,13203,15999,17%,24,LAVA, Blaze AMOLED,60,6,6,128
4.3,18838,23499,19%,24,Samsung, Galaxy A17,313,12,8,128
4.4,39999,49999,20%,25,Google, Pixel 9A,4870,334,8,256
4.4,39999,49999,20%,25,Google, Pixel 9A,4870,334,8,256
4.4,13254,16999,22%,25,realme, Narzo 90x,56,2,6,128
4.7,75999,99999,24%,25,Samsung, Galaxy S25,238,37,12,256
4.4,39999,49999,20%,25,Google, Pixel 9A,4870,334,8,256
4.8,149900,49999,20%,25,Apple, iPhone 17,416,35,256,128
4.2,8199,10999,25%,25,REDMI, 128 GB,2072,84,4,128
4.3,20115,23499,14%,25,Samsung, Galaxy A17,313,12,8,128
4.2,15999,49999,20%,25,OPPO, A3x 5G,5204,197,4,128
4.3,21999,26499,16%,25,Samsung, Galaxy A17,313,12,8,256
4.6,109999,49999,20%,25,Google, Pixel 10,339,32,16,256
4.2,13499,15999,15%,25,realme, Narzo 80x,1699,57,6,128
4.6,109999,129999,15%,25,Samsung, Galaxy S25,2531,256,12,256
4.1,6699,8999,25%,25,Infinix, SMART 9,4493,266,3,64
4.0,6999,9999,30%,25,Ai, 128 GB,4818,303,6,128
4.1,6999,8999,22%,25,REDMI, 64 GB,6564,309,3,64
4.1,6999,8999,22%,25,REDMI, 64 GB,6564,309,3,64
4.1,6999,8999,22%,25,REDMI, 64 GB,6564,309,3,64
4.5,41999,46999,10%,25,realme, GT 7T,322,29,12,512
4.5,41999,46999,10%,25,realme, GT 7T,322,29,12,512
4.3,21990,23499,6%,25,Samsung, Galaxy A17,313,12,8,128
4.3,16980,21999,22%,25,REDMI, Note 14,3026,143,6,128
4.7,109999,129999,15%,25,Samsung, S25 Ultra,338,23,12,256
4.4,19999,28999,31%,25,realme, P3 Pro,17577,1312,8,128
4.4,39999,49999,20%,26,Google, Pixel 9A,4870,334,8,256
4.4,39999,49999,20%,26,Google, Pixel 9A,4870,334,8,256
4.5,37999,42999,11%,26,realme, GT 7T,322,29,12,256
4.5,37999,42999,11%,26,realme, GT 7T,322,29,12,256
4.5,37999,42999,11%,26,realme, GT 7T,322,29,12,256
4.3,25335,26999,6%,26,IQOO, Z10R 5G,408,26,12,256
4.4,39999,49999,20%,26,Google, Pixel 9A,4870,334,8,256
4.4,31999,35999,11%,26,POCO, F7 5G,19286,1876,12,256
4.2,8999,12999,30%,26,OPPO, 64 GB,105,7,4,64
4.4,10999,12999,15%,26,realme, C63 5G,7084,273,4,128
4.1,9749,12999,25%,26,POCO, M7 5G,70470,3269,6,128
4.4,16999,20999,19%,26,realme, P3 5G,22294,1437,8,128
4.4,13298,16999,21%,26,realme, Narzo 90x,56,2,6,128
4.4,29999,34999,14%,26,vivo, 128 GB,2024,125,8,128
4.4,25999,36999,29%,26,realme, 13 Pro,17249,1674,8,256
4.4,25999,36999,29%,26,realme, 13 Pro,17249,1674,8,256
4.2,12999,15499,16%,26,POCO, C85 5G,110,6,6,128
4.1,16799,19999,16%,26,Samsung, A16 5G,99,5,6,128
4.2,13425,15999,16%,26,realme, Narzo 80x,1699,57,6,128
4.5,7640,10499,27%,26,Samsung, Galaxy A07,48,2,4,64
4.5,7648,10499,27%,26,Samsung, Galaxy A07,48,2,4,64
4.2,7999,9999,20%,26,REDMI, 128 GB,4450,224,4,128
4.5,47999,49999,20%,26,OPPO, Reno14 5G,3781,337,12,512
4.2,7999,9999,20%,26,REDMI, 128 GB,4450,224,4,128
4.1,12999,15999,18%,27,POCO, M7 Plus,1322,89,4,128
4.1,12999,15999,18%,27,POCO, M7 Plus,1322,89,4,128
4.4,39999,49999,20%,27,Google, Pixel 9A,4870,334,8,256
4.4,39999,49999,20%,27,Google, Pixel 9A,4870,334,8,256
4.5,29999,34999,14%,27,MOTOROLA, Edge 70,737,87,8,256
4.3,19999,27999,28%,27,POCO, X7 5G,28239,2138,8,256
4.4,39999,49999,20%,27,Google, Pixel 9A,4870,334,8,256
4.4,21999,22999,4%,27,Nothing, 128 GB,315,26,8,128
4.1,14917,17999,17%,27,realme, Narzo 90x,23,0,8,128
4.1,7099,7799,8%,27,LAVA, 64 GB,200,8,4,64
4.2,13000,14999,13%,27,OPPO, A3x 5G,5204,197,4,64
4.4,19999,28999,31%,27,realme, P3 Pro,17577,1312,8,128
4.2,16990,19499,12%,27,Samsung, Galaxy M17,27,3,8,128
4.4,32282,56999,43%,27,OnePlus, 11 5G,1358,128,8,128
4.4,32998,56999,42%,27,OnePlus, 11 5G,1358,128,8,128
4.2,29998,41999,28%,27,OPPO, RENO 13,401,32,8,128
4.4,24999,36999,32%,27,realme, 13 Pro,17249,1674,8,256
4.2,15999,19999,20%,27,Samsung, Galaxy A16,4222,186,6,128
4.5,19499,24999,22%,27,Infinix, GT 30,234,11,8,128
4.4,18499,22999,19%,27,vivo, T3 5G,137865,8226,8,128
4.4,18499,22999,19%,27,vivo, T3 5G,137865,8226,8,128
4.2,21499,24499,12%,27,Samsung, Galaxy F36,4323,295,8,128
4.3,16399,21999,25%,27,REDMI, Note 14,3026,143,6,128
4.3,29850,54999,45%,27,Xiaomi, 14 CIVI,1758,214,8,256
4.6,100000,134999,25%,28,Samsung, Galaxy S24,7439,548,12,256
4.4,21999,36999,40%,28,OPPO, F29 Pro,1235,62,12,256
4.4,39999,49999,20%,28,Google, Pixel 9A,4870,334,8,256
4.4,39999,49999,20%,28,Google, Pixel 9A,4870,334,8,256
4.2,10499,13999,25%,28,REDMI, 14C 5G,8622,430,4,128
4.3,25814,34999,26%,28,realme, 13 Pro,1146,77,12,512
4.7,13499,15999,15%,28,OPPO, A6x 5G,25,0,4,128
4.4,23990,30999,22%,28,realme, 13 Pro,8097,542,8,256
4.4,39999,49999,20%,28,Google, Pixel 9A,4870,334,8,256
4.6,14999,17499,14%,28,OPPO, A6x 5G,45,3,6,128
4.3,29620,54999,46%,28,Xiaomi, 14 CIVI,1758,214,8,256
4.1,10479,13999,25%,28,OPPO, 128 GB,1770,87,4,128
4.3,26398,34999,24%,28,realme, 13 Pro,1146,77,12,512
4.7,134900,49999,20%,28,Apple, iPhone 17,656,47,256,128
4.5,22999,29999,23%,28,vivo, T3 Pro,91994,5614,8,128
4.5,22999,29999,23%,28,vivo, T3 Pro,91994,5614,8,128
4.4,21999,25499,13%,28,vivo, Y31 Pro,226,12,8,256
4.3,15490,21999,29%,28,REDMI, Note 14,3026,143,6,128
4.4,21999,25499,13%,28,vivo, Y31 Pro,226,12,8,256
4.7,109999,119999,8%,28,vivo, X300 Pro,172,35,16,512
4.7,109999,119999,8%,28,vivo, X300 Pro,172,35,16,512
4.1,21881,27999,21%,28,Samsung, Galaxy A26,252,28,8,128
4.4,20499,24999,18%,28,vivo, T3 5G,137865,8226,8,256
4.3,28165,35999,21%,28,Samsung, Galaxy A36,1735,134,8,128
4.3,26499,29999,11%,29,OPPO, F31 5G,1366,72,8,256
4.3,28165,35999,21%,29,Samsung, Galaxy A36,1735,134,8,128
4.4,28999,35999,19%,29,vivo, V50e 5G,3088,179,8,256
4.5,39895,40999,2%,29,IQOO, Neo 10,909,67,12,256
4.4,39999,49999,20%,29,Google, Pixel 9A,4870,334,8,256
4.4,39999,49999,20%,29,Google, Pixel 9A,4870,334,8,256
4.4,34999,39999,12%,29,realme, GT 7T,523,44,8,256
4.4,27999,31999,12%,29,OPPO, F31 Pro,640,52,8,128
4.4,39999,49999,20%,29,Google, Pixel 9A,4870,334,8,256
4.5,39999,45999,13%,29,vivo, V60 5G,1236,98,12,256
4.3,17999,19999,10%,29,Tecno, Pova Curve,1324,138,8,128
4.7,51990,59999,13%,29,OnePlus, 15R 5G,39,5,12,512
4.7,51990,59999,13%,29,OnePlus, 15R 5G,39,5,12,512
4.4,27989,27999,20%,29,IQOO, Z10 5G,4834,232,8,256
4.7,154900,49999,20%,29,Apple, iPhone 17,656,47,512,128
4.4,10699,17999,40%,29,REDMI, Note 9,41739,3249,6,512
4.3,6899,8599,19%,29,Tecno, Spark Go,1807,83,3,64
4.5,24999,31999,21%,29,vivo, T3 Pro,91994,5614,8,256
4.3,12999,14999,13%,29,Tecno, Spark 30C,130,12,8,128
4.4,19999,23499,14%,29,vivo, Y31 Pro,226,12,8,128
4.4,19999,23499,14%,29,vivo, Y31 Pro,226,12,8,128
4.6,14999,17499,14%,29,OPPO, A6x 5G,45,3,6,128
4.2,17999,22999,21%,29,REDMI, Note 14,3812,212,8,128
3.9,8999,12999,30%,29,Ai, Nova 5G,3381,301,8,128
4.4,39999,49999,20%,30,Google, Pixel 9A,4870,334,8,256
4.4,39999,49999,20%,30,Google, Pixel 9A,4870,334,8,256
4.4,15999,19999,20%,30,realme, P3 5G,32951,2088,6,128
4.1,9999,11999,16%,30,Tecno, Spark 30C,1152,49,4,64
4.4,39999,49999,20%,30,Google, Pixel 9A,4870,334,8,256
4.1,9999,11999,16%,30,Tecno, Spark 30C,1152,49,4,64
4.4,15999,19999,20%,30,realme, P3 5G,32951,2088,6,128
4.7,12499,14499,13%,30,OPPO, A6x 5G,25,0,4,64
4.4,29990,40999,26%,30,realme, 13 Pro,10465,968,12,512
4.4,40998,48999,16%,30,Samsung, Galaxy A56,698,49,8,256
4.2,15998,19999,20%,30,Samsung, Galaxy A16,4222,186,6,128
4.3,10999,12999,15%,30,Motorola, g45 5G,52857,3069,4,128
4.2,19999,49999,20%,30,OPPO, A3 5G,1483,66,6,128
4.1,10499,12999,19%,30,Tecno, Spark 30C,1152,49,4,128
4.4,18499,22999,19%,30,realme, P3 5G,22294,1437,8,256
4.2,10499,12999,19%,30,POCO, M6 5G,155255,7466,4,128
4.1,10740,13999,23%,30,Samsung, Galaxy A06,2505,149,4,64
4.6,55999,79999,30%,30,Samsung, Galaxy S24,49029,2702,8,256
4.4,27790,38999,28%,30,realme, 13 Pro,10465,968,12,256
4.3,13824,16499,16%,30,Samsung, Galaxy M17,94,7,4,128
4.4,23399,33999,31%,30,vivo, V50e 5G,3088,179,8,128
4.5,24999,31999,21%,30,vivo, T3 Pro,91994,5614,8,256
4.1,10785,13499,20%,30,Samsung, Galaxy A06,2505,149,4,128
4.3,12999,14999,13%,30,Tecno, Spark 30C,130,12,8,128
4.4,39999,49999,20%,31,Google, Pixel 9A,4870,334,8,256
4.4,39999,49999,20%,31,Google, Pixel 9A,4870,334,8,256
4.4,20999,30999,32%,31,realme, P3 Pro,17577,1312,8,256
4.4,21999,30999,29%,31,realme, P3 Pro,17577,1312,8,256
4.7,154900,49999,20%,31,Apple, iPhone 17,656,47,512,128
4.4,22999,32999,30%,31,realme, P3 Pro,4073,293,12,256
4.4,39999,49999,20%,31,Google, Pixel 9A,4870,334,8,256
4.3,6899,8599,19%,31,Tecno, Spark Go,1807,83,3,64
4.4,18499,22999,19%,31,realme, P3 5G,22294,1437,8,256
4.4,38499,41999,8%,31,Samsung, Galaxy A36,267,18,12,256
4.2,13790,19999,31%,31,OPPO, A3 5G,1483,66,6,128
3.9,8999,12999,30%,31,Ai, Nova 5G,3381,301,8,128
4.4,26999,27999,3%,31,IQOO, Z10 5G,4834,232,8,256
4.3,12999,14999,13%,31,Tecno, Spark 30C,130,12,8,128
4.3,24999,27999,10%,31,OPPO, F31 5G,1366,72,8,128
4.3,11999,15999,25%,31,Tecno, Pova 6,5833,351,6,128
4.3,11999,15999,25%,31,Tecno, Pova 6,5833,351,6,128
4.2,8999,11999,25%,31,POCO, M6 5G,155255,7466,4,64
4.3,24999,27999,10%,31,OPPO, F31 5G,1366,72,8,128
3.9,6599,8999,26%,31,POCO, Locked with,54664,2462,4,64
4.4,28499,35999,20%,31,vivo, V50e 5G,3088,179,8,256
4.4,12999,14999,13%,31,realme, C63 5G,4423,146,8,128
4.4,26290,34999,24%,31,REDMI, Note-14,498,27,8,128
4.4,27999,29999,6%,31,Nothing, 256 GB,15757,1048,8,256
4.3,24999,27999,10%,32,OPPO, F31 5G,1366,72,8,128
3.9,6599,8999,26%,32,POCO, Locked with,54664,2462,4,64
4.4,39999,49999,20%,32,Google, Pixel 9A,4870,334,8,256
4.4,39999,49999,20%,32,Google, Pixel 9A,4870,334,8,256
4.4,26290,34999,24%,32,REDMI, Note-14,498,27,8,128
4.4,27999,29999,6%,32,Nothing, 256 GB,15757,1048,8,256
4.4,39999,49999,20%,32,Google, Pixel 9A,4870,334,8,256
4.4,28499,35999,20%,32,vivo, V50e 5G,3088,179,8,256
4.4,12999,14999,13%,32,realme, C63 5G,4423,146,8,128
4.1,9749,12999,25%,32,POCO, M7 5G,70470,3269,6,128
4.6,109999,129999,15%,32,Samsung, Galaxy S25,2531,256,12,256
4.3,21899,28999,24%,32,REDMI, Note 14,5316,373,8,128
4.7,75999,99999,24%,32,Samsung, Galaxy S25,238,37,12,256
4.4,21999,28999,24%,32,realme, 13 Pro,8097,542,8,128
4.4,26370,34999,24%,32,REDMI, Note-14,498,27,8,128
4.2,13000,14999,13%,32,OPPO, A3x 5G,5204,197,4,64
4.7,47386,54999,13%,32,OnePlus, 15R 5G,39,5,12,256
4.7,47697,54999,13%,32,OnePlus, 15R 5G,39,5,12,256
4.3,43999,49999,20%,32,Google, Pixel 6a,76052,8530,6,128
4.3,43999,49999,20%,32,Google, Pixel 6a,76052,8530,6,128
4.2,13499,15999,15%,32,OPPO, A3x 5G,5204,197,4,128
4.5,35887,43999,18%,32,vivo, V60 5G,2728,213,8,256
4.4,20999,27999,25%,32,Motorola, Edge 50,172252,11415,12,256
4.3,19789,32999,40%,32,vivo, V25 5G,9522,822,8,128
4.3,33999,40999,17%,33,MOTOROLA, Edge 60,13240,1089,12,256
4.6,69900,49999,20%,33,Apple, iPhone 14,86809,4757,128,128
4.4,39999,49999,20%,33,Google, Pixel 9A,4870,334,8,256
4.4,39999,49999,20%,33,Google, Pixel 9A,4870,334,8,256
4.2,8999,11999,25%,33,POCO, M6 5G,155255,7466,4,64
4.5,38999,48999,20%,33,vivo, V50 5G,2082,180,12,512
4.7,13499,15999,15%,33,OPPO, A6x 5G,25,0,4,128
4.2,16499,22999,28%,33,REDMI, Note 14,3812,212,8,128
4.4,39999,49999,20%,33,Google, Pixel 9A,4870,334,8,256
4.7,12499,14499,13%,33,OPPO, A6x 5G,25,0,4,64
4.5,40890,42999,4%,33,OPPO, Reno14 5G,4426,421,8,256
4.5,41384,42999,3%,33,OPPO, Reno14 5G,4426,421,8,256
4.3,8332,16999,50%,33,REDMI, 9 Power,245698,16833,4,64
4.2,13998,14999,6%,33,Motorola, G34 5G,149015,10007,8,128
4.5,34999,42999,18%,33,vivo, V50 5G,8087,654,8,256
4.4,34999,39999,12%,33,realme, GT 7T,523,44,8,256
4.4,29999,33999,11%,33,Samsung, Galaxy F56,243,15,8,256
4.2,28999,41999,30%,33,OPPO, RENO 13,401,32,8,128
4.3,15982,17999,11%,33,Samsung, Galaxy M17,99,7,6,128
4.2,13999,17499,20%,33,Samsung, Galaxy F16,10029,578,6,128
4.3,7999,8999,11%,33,Infinix, SMART 10,1053,67,4,64
4.4,29999,33999,11%,33,OPPO, F31 Pro,640,52,8,256
4.4,29999,33999,11%,33,OPPO, F31 Pro,640,52,8,256
4.1,10690,15499,31%,33,Samsung, Galaxy A06,2505,149,4,128
4.2,13998,14999,6%,34,Motorola, G34 5G,149015,10007,8,128
4.4,34999,39999,12%,34,realme, GT 7T,523,44,8,256
4.4,29999,33999,11%,34,Samsung, Galaxy F56,243,15,8,256
4.2,28999,41999,30%,34,OPPO, RENO 13,401,32,8,128
4.4,39999,49999,20%,34,Google, Pixel 9A,4870,334,8,256
4.4,39999,49999,20%,34,Google, Pixel 9A,4870,334,8,256
4.3,15982,17999,11%,34,Samsung, Galaxy M17,99,7,6,128
4.3,7999,8999,11%,34,Infinix, SMART 10,1053,67,4,64
4.4,39999,49999,20%,34,Google, Pixel 9A,4870,334,8,256
4.2,13999,17499,20%,34,Samsung, Galaxy F16,10029,578,6,128
4.4,29999,33999,11%,34,OPPO, F31 Pro,640,52,8,256
4.4,29999,33999,11%,34,OPPO, F31 Pro,640,52,8,256
4.4,27999,31999,12%,34,vivo, Y400 Pro,1285,68,8,256
4.1,10690,15499,31%,34,Samsung, Galaxy A06,2505,149,4,128
4.3,24999,27999,10%,34,OPPO, F31 5G,1366,72,8,128
4.4,15499,17999,13%,34,vivo, Y29 5G,2183,85,6,128
4.2,16449,22999,28%,34,REDMI, Note 14,3812,212,8,128
4.1,7599,7799,2%,34,LAVA, 64 GB,200,8,4,256
4.4,8199,11999,31%,34,REDMI, 9 Prime,230816,15105,4,512
4.4,26998,38998,30%,34,realme, 13 Pro,10465,968,12,256
4.3,12499,13999,10%,34,Infinix, Hot 60,2705,152,6,128
3.9,8999,12999,30%,34,Ai, Nova 5G,3381,301,8,128
4.2,15499,16499,6%,34,Samsung, Galaxy F17,73,5,4,128
4.3,11999,17990,33%,34,vivo, 64 GB,2487,144,4,64
4.4,39999,49999,20%,35,Google, Pixel 9A,4870,334,8,256
4.4,39999,49999,20%,35,Google, Pixel 9A,4870,334,8,256
4.6,97999,134999,27%,35,Samsung, Galaxy S24,7439,548,12,256
4.5,32999,39999,17%,35,vivo, V50 5G,8087,654,8,128
4.4,39999,49999,20%,35,Google, Pixel 9A,4870,334,8,256
4.1,23499,27999,16%,35,Samsung, Galaxy A26,252,28,8,128
4.3,15487,17999,13%,35,Samsung, Galaxy M17,99,7,6,128
4.7,102900,49999,20%,35,Apple, iPhone 17,2978,191,512,128
4.4,18999,25999,26%,35,vivo, Y29 5G,936,43,8,256
4.4,16999,21999,22%,35,vivo, Y29 5G,936,43,8,128
4.0,6999,9999,30%,35,Ai, 128 GB,4818,303,6,128
4.2,11999,14999,20%,35,REDMI, 14C 5G,9161,450,6,128
4.2,11999,14999,20%,35,REDMI, 14C 5G,9161,450,6,128
4.2,16499,21999,25%,35,REDMI, Note 12,16094,1079,6,128
4.2,16739,19499,14%,35,Samsung, Galaxy M17,27,3,8,128
4.4,25999,29999,13%,35,vivo, Y400 Pro,1285,68,8,128
4.4,41680,52999,21%,35,Samsung, Galaxy A56,492,33,12,256
4.4,25999,29999,13%,35,vivo, Y400 Pro,1285,68,8,128
4.4,25999,29999,13%,35,vivo, Y400 Pro,1285,68,8,128
4.3,13999,16499,15%,35,vivo, Y29 5G,1036,47,4,128
4.3,22490,26499,15%,35,Samsung, Galaxy A17,313,12,8,256
4.3,12499,13999,10%,35,Infinix, Hot 60,2705,152,6,128
4.3,12499,16999,26%,35,OPPO, A5x 5G,483,14,4,128
4.3,12499,13999,10%,35,Infinix, Hot 60,2705,152,6,128
4.4,39999,49999,20%,36,Google, Pixel 9A,4870,334,8,256
4.4,39999,49999,20%,36,Google, Pixel 9A,4870,334,8,256
4.4,40999,45999,10%,36,Samsung, Galaxy A56,698,49,8,128
4.2,12999,15499,16%,36,POCO, C85 5G,110,6,6,128
4.3,13499,18999,28%,36,vivo, 128 GB,2487,144,4,128
4.4,20999,24999,16%,36,Infinix, Note 50s,24313,2052,8,256
4.4,39999,49999,20%,36,Google, Pixel 9A,4870,334,8,256
4.8,169900,49999,20%,36,Apple, iPhone 17,416,35,512,128
3.9,6599,8999,26%,36,POCO, Locked with,54664,2462,4,64
4.4,13999,15999,12%,36,realme, 128 GB,33317,1785,8,128
4.4,30999,39999,22%,36,REDMI, Note-14,420,13,12,512
4.5,37999,48999,22%,36,vivo, V50 5G,2082,180,12,512
4.4,27499,33999,19%,36,Samsung, Galaxy M56,732,48,8,256
4.4,35598,43999,19%,36,OPPO, Reno13 5G,4915,527,8,256
4.3,13999,22999,39%,36,OPPO, 128 GB,1177,71,8,128
4.4,23999,30999,22%,36,OPPO, F29 5G,2633,142,8,256
4.2,12990,19999,35%,36,REDMI, 13 5G,14482,763,8,128
4.2,10499,12999,19%,36,REDMI, 14C 5G,8622,430,4,64
4.1,10499,12999,19%,36,Tecno, Spark 30C,1152,49,4,128
4.2,11999,14999,20%,36,REDMI, 14C 5G,9161,450,6,128
4.5,55999,60999,8%,36,vivo, V40 Pro,1167,120,12,512
4.5,34899,42999,18%,36,vivo, V50 5G,8087,654,8,256
4.5,60999,49999,20%,36,OPPO, Reno13 Pro,1025,130,12,512
4.5,60999,49999,20%,36,OPPO, Reno13 Pro,1025,130,12,512
4.2,10499,13999,25%,37,REDMI, 14C 5G,8622,430,4,128
4.3,9654,13999,31%,37,REDMI, 13c 5G,47165,1847,4,128
4.4,39999,49999,20%,37,Google, Pixel 9A,4870,334,8,256
4.4,39999,49999,20%,37,Google, Pixel 9A,4870,334,8,256
4.3,23999,30999,22%,37,REDMI, Note-14,525,24,8,256
4.3,23999,27999,14%,37,realme, 14 Pro,741,41,8,256
4.4,39999,49999,20%,37,Google, Pixel 9A,4870,334,8,256
4.3,21999,25999,15%,37,realme, 14 Pro,741,41,8,128
4.5,34999,42999,18%,37,vivo, V50 5G,8087,654,8,256
4.4,28475,36999,23%,37,REDMI, Note-14,498,27,8,256
3.8,9495,10999,13%,37,LAVA, Yuva 2,151,10,4,128
4.6,16999,17999,5%,37,realme, C85 5G,118,7,6,0
4.6,109999,129999,15%,37,Samsung, Galaxy S25,2531,256,12,256
4.4,27999,31999,12%,37,OPPO, F31 Pro,640,52,8,128
4.2,27499,33999,19%,37,REDMI, Note 12,6715,610,8,256
4.2,16699,21499,22%,37,Samsung, Galaxy A16,3868,205,8,128
4.5,33673,42999,21%,37,vivo, V50 5G,8087,654,8,256
4.5,32998,39999,17%,37,vivo, V50 5G,8087,654,8,128
4.7,12999,15999,18%,37,vivo, Y19s 5G,16,0,4,0
4.6,15499,16499,6%,37,realme, C85 5G,191,12,4,0
4.6,15499,16499,6%,37,realme, C85 5G,191,12,4,0
4.3,17999,20999,14%,37,OPPO, A5 5G,110,2,8,128
4.3,17999,20999,14%,37,OPPO, A5 5G,110,2,8,128
4.7,73990,76999,3%,37,OnePlus, 15 5G,41,4,12,256
4.4,23999,30999,22%,38,realme, 13 Pro,8097,542,8,256
4.4,11499,16999,32%,38,realme, C67 5G,7984,528,4,128
4.4,39999,49999,20%,38,Google, Pixel 9A,4870,334,8,256
4.4,39999,49999,20%,38,Google, Pixel 9A,4870,334,8,256
4.5,22388,23999,6%,38,realme, Narzo 80,819,41,8,256
4.5,54999,49999,20%,38,OPPO, Reno13 Pro,1025,130,12,256
4.3,16999,24999,32%,38,POCO, X7 5G,28239,2138,8,128
4.5,34990,43999,20%,38,vivo, V60 5G,2728,213,8,256
4.4,39999,49999,20%,38,Google, Pixel 9A,4870,334,8,256
4.4,32999,37999,13%,38,OPPO, F31 Pro,274,29,8,256
4.2,15999,19999,20%,38,Samsung, Galaxy A16,4222,186,6,128
4.7,11999,14999,20%,38,vivo, Y19s 5G,16,0,4,0
4.4,20999,27999,25%,38,Motorola, Edge 50,172252,11415,12,256
4.7,134900,49999,20%,38,Apple, iPhone 17,656,47,256,128
4.3,12499,17999,30%,38,REDMI, 13 5G,48634,2407,6,128
4.5,16999,49999,20%,38,OPPO, K12x 5G,192929,6677,6,128
4.2,14999,49999,20%,38,Motorola, G34 5G,149015,10007,8,128
4.4,11999,16999,29%,38,realme, C67 5G,7984,528,4,128
4.4,38947,39999,2%,38,REDMI, Note-14,420,13,12,512
4.3,34999,39999,12%,38,OPPO, F31 Pro,283,15,12,256
4.2,13999,19999,30%,38,REDMI, 13 5G,14482,763,8,128
4.2,13999,18999,26%,38,vivo, 128 GB,2846,121,6,128
4.2,12349,15999,22%,38,realme, C75 5G,1202,71,4,128
4.4,27580,36999,25%,38,REDMI, Note-14,498,27,8,256
4.3,15499,20999,26%,39,POCO, M7 Pro,13446,1107,8,256
4.0,5695,6199,8%,39,itel, 32 GB,437,20,2,32
4.3,7299,8999,18%,39,Tecno, Spark Go,6439,310,4,64
4.3,7299,8999,18%,39,Tecno, Spark Go,6439,310,4,64
4.4,39999,49999,20%,39,Google, Pixel 9A,4870,334,8,256
4.4,39999,49999,20%,39,Google, Pixel 9A,4870,334,8,256
3.9,16999,18999,10%,39,LAVA, Blaze Duo,184,16,6,128
4.2,18896,20999,10%,39,Samsung, Galaxy A14,82749,3841,6,128
4.4,39999,49999,20%,39,Google, Pixel 9A,4870,334,8,256
4.1,9999,11999,16%,39,Tecno, Spark 30C,1152,49,4,64
4.4,18999,49999,20%,39,OPPO, K12x 5G,22590,970,8,256
4.6,99989,134999,25%,39,Samsung, Galaxy S24,7439,548,12,256
4.0,6349,7199,11%,39,LAVA, Yuva Star,1141,67,4,64
4.4,25870,34999,26%,39,REDMI, Note-14,498,27,8,128
4.4,36999,44999,17%,39,OPPO, K13 Turbo,325,34,12,256
4.4,36999,44999,17%,39,OPPO, K13 Turbo,325,34,12,256
4.4,32999,49999,20%,39,OPPO, F27 Pro,16412,698,8,128
4.5,42203,54999,23%,39,vivo, V40 Pro,1290,155,8,256
4.3,35499,38999,8%,39,Samsung, Galaxy A36,1735,134,8,256
4.3,34999,39999,12%,39,OPPO, F31 Pro,283,15,12,256
4.6,14499,16999,14%,39,POCO, C85 5G,26,3,8,128
3.9,16999,18999,10%,39,LAVA, Blaze Duo,184,16,6,128
4.3,22999,25999,11%,39,vivo, Y400 5G,551,21,8,128
4.2,18448,28999,36%,39,OPPO, F23 5G,2002,140,8,256
4.4,39999,49999,20%,40,Google, Pixel 9A,4870,334,8,256
4.4,39999,49999,20%,40,Google, Pixel 9A,4870,334,8,256
4.4,27999,36999,24%,40,Motorola, Edge 50,34594,2987,8,256
4.7,73800,76999,4%,40,OnePlus, 15 5G,41,4,12,256
4.4,39999,49999,20%,40,Google, Pixel 9A,4870,334,8,256
4.2,6499,9999,35%,40,Samsung, Galaxy F05,77209,4138,4,64
4.2,112865,176999,36%,40,Samsung, Galaxy Z,218,13,12,512
4.2,14447,19999,27%,40,REDMI, 13 5G,263,10,8,128
4.3,19999,49999,20%,40,REDMI, Note 10,44542,3985,6,128
4.2,15999,19999,20%,40,Motorola, g64 5G,90102,5585,12,256
4.6,141999,49999,20%,40,Samsung, Galaxy S25,2531,256,12,512
4.0,12999,49999,20%,40,Motorola, 64 GB,58821,4963,4,64
4.3,27999,35999,22%,40,Samsung, Galaxy A36,1735,134,8,128
4.4,28450,36999,23%,40,REDMI, Note-14,498,27,8,256
4.3,26980,35999,25%,40,REDMI, Note 13,11929,1024,12,256
3.5,3969,4999,20%,40,nuveck, NV YUTOPIA,51,1,4,32
4.5,14040,15999,12%,40,REDMI, 15C 5G,12,0,6,128
4.3,23999,31999,25%,40,POCO, X7 Pro,16224,1708,8,256
4.3,35999,37999,5%,40,realme, 15 Pro,8234,725,8,256
4.4,37999,39999,5%,40,realme, 15 Pro,4716,378,12,256
4.3,35999,37999,5%,40,realme, 15 Pro,8234,725,8,256
4.3,33999,35999,5%,40,realme, 15 Pro,8234,725,8,128
4.4,37999,39999,5%,40,realme, 15 Pro,4716,378,12,256
4.3,12499,17999,30%,40,REDMI, 13 5G,48634,2407,6,128
4.4,39999,49999,20%,41,Google, Pixel 9A,4870,334,8,256
4.4,39999,49999,20%,41,Google, Pixel 9A,4870,334,8,256
4.4,37999,39999,5%,41,realme, 15 Pro,4716,378,12,256
4.4,40999,42999,4%,41,realme, 15 Pro,4716,378,12,512
4.3,12499,17999,30%,41,REDMI, 13 5G,48634,2407,6,128
4.4,37999,39999,5%,41,realme, 15 Pro,4716,378,12,256
4.4,39999,49999,20%,41,Google, Pixel 9A,4870,334,8,256
4.3,35999,37999,5%,41,realme, 15 Pro,8234,725,8,256
4.3,33999,35999,5%,41,realme, 15 Pro,8234,725,8,128
4.4,37999,39999,5%,41,realme, 15 Pro,4716,378,12,256
4.4,23997,32999,27%,41,OPPO, F27 Pro,16412,698,8,128
4.2,31999,35999,11%,41,OPPO, F31 Pro,95,7,12,256
4.4,41999,49999,20%,41,OPPO, Reno13 5G,4915,527,8,128
4.4,109999,113999,3%,41,Samsung, Galaxy Z,860,50,8,512
4.7,12999,15999,18%,41,vivo, Y19s 5G,16,0,4,0
4.3,13999,49999,20%,41,vivo, Y29 5G,1036,47,4,128
4.4,16999,21999,22%,41,vivo, Y29 5G,936,43,8,128
4.7,5252,5999,12%,41,TOUCH, 18 Rock,3,1,3,16
3.9,6549,7499,12%,41,LAVA, Bold N1,62,5,4,64
4.3,24000,27499,12%,41,Samsung, Galaxy M35,5761,363,8,256
4.2,18749,28499,34%,41,Samsung, Galaxy A25,410,19,8,128
4.3,19499,21999,11%,41,Samsung, Galaxy A17,261,12,6,128
4.3,23490,28999,18%,41,REDMI, Note-14,525,24,8,128
4.4,27999,36999,24%,41,Motorola, Edge 50,34594,2987,8,256
